,Public base editor,Coefficient,Hidden
0,ABE8,1.458735249,1
1,AID,-0.557869171,0
2,BE4,-0.800990213,0
3,evoAPOBEC,-0.97798365,0
4,CDA,-1.116771269,0
5,ABE,-1.287471475,0
6,eA3A,-1.536500962,0
7,BE4-CP1028,-1.584963049,0
8,ABE-CP1041,-1.740020452,0
