,Public base editor,Coefficient
0,ABE8,1.458735249
1,AID,-0.557869171
2,BE4,-0.800990213
3,evoAPOBEC,-0.97798365
4,CDA,-1.116771269
5,ABE,-1.287471475
6,eA3A,-1.536500962
7,BE4-CP1028,-1.584963049
8,ABE-CP1040,-1.740020452
